id,title,readyInMinutes,healthScore,type,ingredients,instructions,isLocal,cost,calories
"vn_1","Thịt kho tàu",45,62,"kho","Thịt ba chỉ; Trứng vịt; Nước dừa; Đường thốt nốt; Nước mắm; Hành; Tỏi; Gừng","1. Chần thịt sơ. 2. Đảo đường thành nước màu. 3. Xào thịt, cho vào nồi kho với nước dừa. 4. Kho nhừ, cho trứng vào kho thêm.",true,"~350.000","~450 kcal"
"vn_2","Thịt kho tiêu",45,85,"kho","Thịt ba rọi; Hạt tiêu; Đường; Nước mắm; Nước dùng; Hành; Tỏi","1. Chần thịt sơ. 2. Ướp thịt với tiêu. 3. Phi thơm hành tỏi, xào thịt. 4. Kho với lửa nhỏ liu riu cho đến khi thịt nhừ và nước sánh.",true,"~280.000","~400 kcal"
"vn_3","Thịt kho trứng",45,89,"kho","Thịt ba chỉ; Trứng gà; Đường; Nước mắm; Nước dùng; Hành; Tỏi","1. Chần thịt sơ. 2. Đảo đường thành nước màu. 3. Kho thịt nhừ. 4. Cho trứng đã luộc chín vào kho thêm 10-15 phút.",true,"~300.000","~420 kcal"
"vn_4","Cá kho tộ",45,64,"kho","Cá basa; Mỡ gáy; Hành; Tỏi; Đường; Nước mắm; Nước dừa","1. Làm sạch và thấm khô cá. 2. Phi thơm hành tỏi trong mỡ gáy. 3. Rải mỡ hành vào nồi, xếp cá lên, rưới mỡ hành lên cá. 4. Kho liu riu với nước dùng (nước mắm+đường+nước) cho đến khi cá chín mềm.",true,"~320.000","~380 kcal"
"vn_5","Cá kho riềng",45,62,"kho","Cá basa; Riềng non; Hành; Tỏi; Đường; Nước mắm; Ớt","1. Làm sạch và thấm khô cá. 2. Phi thơm riềng non. 3. Xào sơ cá với riềng. 4. Kho với lửa nhỏ liu riu khoảng 20-25 phút cho cá chín.",true,"~340.000","~360 kcal"
"vn_6","Cá kho nghệ",45,77,"kho","Cá basa; Nghệ tươi; Hành; Tỏi; Đường; Nước mắm","1. Làm sạch và thấm khô cá. 2. Phi thơm hành tỏi và nghệ. 3. Cho cá vào nồi, đổ nước dùng (pha từ nước mắm, đường, bột nghệ) vào. 4. Kho nhỏ lửa khoảng 20 phút cho cá chín.",true,"~330.000","~350 kcal"
"vn_7","Gà kho gừng",45,69,"kho","Gà ta; Gừng non; Hành; Tỏi; Đường; Nước mắm; Nước dùng","1. Ướp gà với gừng và chanh. 2. Phi thơm gừng. 3. Kho gà với lửa nhỏ liu riu khoảng 45-60 phút cho đến khi gà nhừ.",true,"~360.000","~390 kcal"
"vn_8","Gà kho sả ớt",45,95,"kho","Gà ta; Sả; Ớt; Hành; Tỏi; Đường; Nước mắm","1. Ướp gà với sả, ớt, hành tỏi. 2. Phi thơm sả, ớt. 3. Kho gà với lửa nhỏ liu riu khoảng 45-60 phút cho đến khi gà nhừ.",true,"~370.000","~410 kcal"
"vn_9","Thịt bò kho",45,73,"kho","Thịt bắp/nạm bò; Hành tây; Hành; Tỏi; Gừng; Nước dùng; Dầu ăn","1. Chiên sơ thịt bò cho săn. 2. Ninh xương lấy nước dùng. 3. Kho thịt bò với lửa nhỏ liu riu khoảng 1.5-2 tiếng cho đến khi thịt nhừ mềm.",true,"~450.000","~500 kcal"
"vn_10","Tôm kho",45,82,"kho","Tôm sú; Nước dừa; Hành; Tỏi; Đường; Nước mắm","1. Làm sạch và để ráo tôm. 2. Phi thơm hành tỏi. 3. Kho tôm với nước dừa cho đến khi nước cạn, sánh lại và ngấm đều lên mặt tôm.",true,"~400.000","~250 kcal"
"vn_11","Tôm kho thịt ba chỉ",45,62,"kho","Tôm sú; Thịt ba chỉ; Hành; Tỏi; Nước mắm; Đường","1. Ướp thịt ba chỉ. 2. Xào thịt ba chỉ cho chín tới. 3. Cho tôm vào nồi cùng kho với lửa nhỏ liu riu khoảng 20-25 phút cho tôm chín.",true,"~420.000","~480 kcal"
"vn_12","Mực kho tỏi sả",45,86,"kho","Mực ống; Tỏi; Sả; Hành khô; Nước mắm; Đường","1. Làm sạch và để ráo mực. 2. Phi thơm tỏi, sả. 3. Kho mực với lửa nhỏ liu riu khoảng 15-20 phút cho mực chín.",true,"~430.000","~220 kcal"
"vn_13","Ba chỉ kho mắm ruốc",45,77,"kho","Thịt ba chỉ; Mắm ruốc; Hành; Tỏi; Đường; Nước mắm","1. Chần thịt sơ. 2. Xào thịt với mắm ruốc đã được làm se. 3. Kho với lửa nhỏ liu riu khoảng 45-60 phút cho đến khi thịt nhừ và thấm mắm ruốc.",true,"~300.000","~430 kcal"
"vn_14","Kho quẹt",45,65,"kho","Tôm khô; Cá khô; Tỏi; Hành tím; Ớt; Đường; Nước mắm; Mỡ gáy","1. Ngâm khô. 2. Phi thơm tỏi, hành tím. 3. Xào khô. 4. Cho hỗn hợp nước mắm+đường vào, đun sôi rồi hạ lửa nhỏ, khuấy liên tục cho đến khi sánh đặc.",true,"~250.000","~550 kcal (cho 50g)"
"vn_15","Lạc kho",45,77,"kho","Lạc (đậu phộng); Nước dừa; Đường; Muối","1. Luộc chín và tách vỏ lạc. 2. Kho lạc với nước dừa, đường, muối cho đến khi nước cạn, sánh lại và ngấm đều vào lạc.",true,"~150.000","~300 kcal (cho 50g)"
"vn_16","Đậu hũ kho nấm",45,71,"kho","Đậu hũ; Nấm rơm; Hành; Tỏi; Nước tương; Đường; Bột nêm","1. Chiên sơ đậu hũ. 2. Phi thơm nấm. 3. Kho đậu hũ với nước dùng (pha từ nước tương, đường, bột nêm) khoảng 15 phút cho thấm.",true,"~120.000","~180 kcal (cho 1kg)"
"vn_17","Thịt bò xào hành tây",20,70,"xao","Thịt bò nạc: 400g; Hành tây: 2 củ (~300g); Tỏi; hành tím: 30g; Dầu hào; nước mắm; đường; tiêu","1. Sơ chế: Thịt bò thái lát mỏng, ướp với 1 muỗng canh dầu hào, 1 thìa cà phê tỏi băm, ½ thìa cà phê đường, ½ thìa cà phê tiêu, để 15 phút. 2. Xào: Phi thơm hành tỏi, cho thịt bò vào xào lửa lớn 1–2 phút cho chín tái, vớt ra. 3. Xào rau: Cho hành tây vào xào nhanh 2–3 phút, nêm ít nước mắm. 4. Trộn lại: Cho thịt bò vào đảo đều, tắt bếp. Dùng nóng.",true,"~180.000","~280 kcal"
"vn_18","Thịt bò xào cần tỏi",20,79,"xao","Thịt bò: 400g; Cần tây: 300g; Tỏi: 30g; Dầu hào; nước mắm; tiêu","1. Sơ chế: Bò ướp như trên. Cần tây cắt khúc, rửa sạch. 2. Xào: Phi tỏi, xào bò tái, vớt ra. Xào cần tây 2 phút, nêm gia vị. 3. Kết hợp: Trộn bò vào, đảo nhanh, tắt bếp.",true,"~175.000","~270 kcal"
"vn_19","Thịt bò xào măng tây/nấm/ớt chuông",20,87,"xao","Thịt bò: 400g; Măng tây: 200g; Nấm đùi gà: 100g; Ớt chuông đỏ/vàng: 100g; Tỏi; dầu hào","1. Sơ chế: Bò ướp. Măng tây cắt khúc, chần sơ. Nấm, ớt chuông cắt lát. 2. Xào: Xào bò tái, vớt ra. Xào nấm + ớt + măng tây 2–3 phút. 3. Hoàn thiện: Trộn bò, nêm dầu hào, tiêu.",true,"~200.000","~290 kcal"
"vn_20","Thịt bò xào rau muống",20,67,"xao","Thịt bò: 300g; Rau muống: 500g; Tỏi: 40g; Dầu ăn; nước mắm","1. Sơ chế: Bò ướp nhẹ. Rau muống nhặt, rửa sạch. 2. Xào: Phi tỏi vàng, cho bò vào xào tái, vớt ra. 3. Xào rau: Cho rau vào xào lửa lớn, nêm nước mắm. 4. Trộn: Cho bò vào, đảo đều.",true,"~160.000","~250 kcal"
"vn_21","Thịt bò xào giá đỗ",20,92,"xao","Thịt bò: 300g; Giá đỗ: 400g; Hành lá; tỏi; ớt","1. Sơ chế: Bò ướp. Giá rửa sạch, để ráo. 2. Xào: Xào bò tái, vớt ra. Xào tỏi, cho giá vào xào nhanh 1–2 phút. 3. Kết hợp: Trộn bò, nêm nước mắm, tiêu.",true,"~150.000","~240 kcal"
"vn_22","Thịt bò xào thiên lý/súp lơ",20,91,"xao","Thịt bò: 400g; Hoa thiên lý hoặc súp lơ: 300g; Tỏi; dầu hào","1. Sơ chế: Thiên lý/súp lơ chần sơ. Bò ướp. 2. Xào: Xào bò tái, vớt ra. Xào rau 2 phút. 3. Trộn: Cho bò vào, nêm dầu hào, tiêu.",true,"~185.000","~275 kcal"
"vn_23","Thịt heo xào chua ngọt",20,70,"xao","Thịt nạc vai: 400g; Cà chua: 2 quả; Dứa: 100g; Hành tây; ớt; tỏi","1. Sơ chế: Thịt thái miếng, ướp với nước mắm, tiêu. 2. Xào: Xào thịt săn, vớt ra. 3. Sốt: Xào tỏi, cho dứa + cà chua + hành tây vào, nêm đường, giấm, nước mắm (tỷ lệ 2:1:1). 4. Hoàn thiện: Cho thịt vào, rim 2–3 phút.",true,"~170.000","~300 kcal"
"vn_24","Thịt heo xào nấm",20,81,"xao","Thịt heo: 300g; Nấm rơm/đông cô: 200g; Hành; tỏi; nước mắm","1. Sơ chế: Thịt ướp. Nấm ngâm, rửa sạch. 2. Xào: Xào thịt săn, vớt ra. Xào nấm 3 phút. 3. Trộn: Cho thịt vào, nêm gia vị, tiêu.",true,"~155.000","~260 kcal"
"vn_25","Thịt heo xào sả ớt",20,68,"xao","Thịt ba chỉ/nạc vai: 400g; Sả: 5 cây; Ớt; tỏi; nước mắm","1. Sơ chế: Thịt thái mỏng. Sả băm nhỏ. 2. Xào: Phi sả + tỏi + ớt thơm, cho thịt vào xào săn. 3. Nêm: Nêm nước mắm, đường, tiêu. Xào khô, dậy mùi.",true,"~165.000","~320 kcal"
"vn_26","Tôm xào thập cẩm",20,92,"xao","Tôm sú: 300g; Cà rốt; đậu Hà Lan; bắp non; nấm; ớt chuông: mỗi loại 50–100g","1. Sơ chế: Tôm bóc vỏ, ướp. Rau củ cắt hạt lựu, chần sơ. 2. Xào: Xào tôm tái, vớt ra. Xào rau củ 2 phút. 3. Trộn: Cho tôm vào, nêm dầu hào, tiêu.",true,"~220.000","~280 kcal"
"vn_27","Tôm xào măng",20,75,"xao","Tôm: 300g; Măng tươi: 200g; Hành; tỏi; ớt","1. Sơ chế: Măng luộc kỹ, xé sợi. Tôm ướp. 2. Xào: Xào tôm tái, vớt ra. Xào măng 3 phút. 3. Kết hợp: Trộn tôm, nêm nước mắm, tiêu.",true,"~200.000","~250 kcal"
"vn_28","Tôm xào hành tây",20,92,"xao","Tôm: 300g; Hành tây: 200g; Tỏi; tiêu; nước mắm","1. Sơ chế: Tôm ướp. Hành tây cắt múi cau. 2. Xào: Xào tôm tái, vớt ra. Xào hành tây 2 phút. 3. Trộn: Cho tôm vào, nêm gia vị.",true,"~190.000","~240 kcal"
"vn_29","Mực xào thập cẩm",20,68,"xao","Mực ống: 400g; Cà rốt; ớt chuông; hành tây; nấm: 300g tổng","1. Sơ chế: Mực làm sạch, khứa vảy rồng, chần sơ. Rau củ cắt vừa. 2. Xào: Xào mực 1–2 phút, vớt ra. Xào rau củ 2 phút. 3. Trộn: Cho mực vào, nêm dầu hào, tiêu.",true,"~230.000","~260 kcal"
"vn_30","Mực xào chua ngọt",20,80,"xao","Mực: 400g; Dứa; cà chua; dưa leo; ớt","1. Sơ chế: Mực chần sơ. Dứa, cà chua cắt miếng. 2. Xào: Xào mực tái, vớt ra. Xào sốt chua ngọt (giấm, đường, nước mắm). 3. Hoàn thiện: Cho mực + dứa vào, xào 2 phút.",true,"~225.000","~250 kcal"
"vn_31","Mực xào dứa/khóm",20,95,"xao","Mực: 400g; Dứa: 150g; Hành tây; ớt; tỏi","1. Sơ chế: Mực chần sơ. Dứa cắt miếng. 2. Xào: Xào mực tái, vớt ra. Xào dứa + hành tây. 3. Trộn: Cho mực vào, nêm nước mắm, tiêu.",true,"~220.000","~245 kcal"
"vn_32","Mực xào cần tỏi",20,84,"xao","Mực: 400g; Cần tây: 200g; Tỏi: 30g","1. Sơ chế: Mực chần sơ. Cần cắt khúc. 2. Xào: Xào mực 1–2 phút, vớt ra. Xào cần 2 phút. 3. Trộn: Cho mực vào, nêm gia vị.",true,"~215.000","~240 kcal"
"vn_33","Lươn xào sả ớt",20,93,"xao","Lươn đồng: 500g; Sả: 5 cây; Ớt; tỏi; nghệ","1. Sơ chế: Lươn làm sạch, ướp với nghệ, tiêu. 2. Xào: Phi sả + tỏi + ớt thơm, cho lươn vào xào săn. 3. Nêm: Nêm nước mắm, đường, tiêu. Xào khô, dậy mùi.",true,"~280.000","~350 kcal"
"vn_34","Gà xào sả ớt",20,67,"xao","Gà ta: 500g; Sả: 5 cây; Ớt; tỏi; chanh","1. Sơ chế: Gà chặt miếng nhỏ, ướp với sả băm, ớt, tiêu. 2. Xào: Xào gà săn, nêm nước mắm, đường. 3. Hoàn thiện: Vắt chanh trước khi tắt bếp.",true,"~200.000","~320 kcal"
"vn_35","Gà xào nấm",20,92,"xao","Gà: 400g; Nấm các loại: 200g; Hành; tỏi","1. Sơ chế: Gà ướp. Nấm ngâm, rửa sạch. 2. Xào: Xào gà săn, vớt ra. Xào nấm 3 phút. 3. Trộn: Cho gà vào, nêm nước mắm, tiêu.",true,"~190.000","~300 kcal"
"vn_36","Gà xào gừng",20,86,"xao","Gà: 500g; Gừng non: 50g; Hành; tỏi","1. Sơ chế: Gà ướp. Gừng thái sợi. 2. Xào: Xào gừng thơm, cho gà vào xào săn. 3. Nêm: Nêm nước mắm, đường, tiêu.",true,"~195.000","~310 kcal"
"vn_37","Tim, cật xào giá",20,88,"xao","Tim/cật heo: 300g; Giá đỗ: 300g; Hành tây; tỏi; ớt","1. Sơ chế: Tim/cật làm sạch, thái mỏng, ướp. Giá rửa sạch. 2. Xào: Xào tim/cật 2 phút, vớt ra. Xào giá 1–2 phút. 3. Trộn: Cho tim/cật vào, nêm gia vị.",true,"~180.000","~270 kcal"
"vn_38","Rau muống xào tỏi",20,64,"xao","Rau muống: 500g; Tỏi: 40g; Dầu ăn; nước mắm","1. Sơ chế: Rau nhặt, rửa sạch. 2. Xào: Phi tỏi vàng, cho rau vào xào lửa lớn. 3. Nêm: Nêm nước mắm, đảo nhanh, tắt bếp.",true,"~60.000","~120 kcal"
"vn_39","Rau muống xào chao",20,67,"xao","Rau muống: 500g; Chao: 2–3 viên; Tỏi; ớt","1. Sơ chế: Rau rửa sạch. Chao tán nhuyễn với chút nước. 2. Xào: Phi tỏi, cho chao vào, xào thơm. 3. Cho rau: Cho rau vào xào nhanh, nêm thêm nếu cần.",true,"~70.000","~130 kcal"
"vn_40","Rau lang xào tỏi",20,91,"xao","Rau lang: 500g; Tỏi: 30g","1. Sơ chế: Rau rửa sạch, để ráo. 2. Xào: Phi tỏi, cho rau vào xào lửa lớn. 3. Nêm: Nêm nước mắm, tiêu.",true,"~65.000","~110 kcal"
"vn_41","Giá đỗ xào thịt bò/heo",20,60,"xao","Giá: 400g; Thịt bò/heo: 200g; Hành; tỏi","1. Sơ chế: Thịt ướp. Giá rửa sạch. 2. Xào: Xào thịt tái, vớt ra. Xào giá 1–2 phút. 3. Trộn: Cho thịt vào, nêm gia vị.",true,"~140.000","~230 kcal"
"vn_42","Bông cải xanh xào tỏi/thịt",20,64,"xao","Bông cải: 400g; Tỏi: 30g hoặc thịt bò: 200g","1. Sơ chế: Bông cải chần sơ. 2. Xào: Nếu có thịt → xào thịt tái, vớt ra. Xào tỏi, cho bông cải vào. 3. Nêm: Nêm nước mắm, tiêu.",true,"~130.000 (chay) / ~170.000 (có thịt)","~150 kcal / ~250 kcal"
"vn_43","Mướp đắng xào trứng",20,79,"xao","Khổ qua: 300g; Trứng: 3 quả; Hành; tiêu","1. Sơ chế: Khổ qua bỏ ruột, thái lát mỏng, ngâm muối. 2. Xào: Xào khổ qua 2 phút, vớt ra. Đánh trứng, cho vào xào chín. 3. Trộn: Cho khổ qua vào, nêm gia vị.",true,"~80.000","~180 kcal"
"vn_44","Nấm các loại xào",20,79,"xao","Nấm (rơm; đùi gà; đông cô): 400g; Hành; tỏi; nước tương","1. Sơ chế: Nấm ngâm, rửa sạch. 2. Xào: Phi thơm hành tỏi, cho nấm vào xào. 3. Nêm: Nêm nước tương, tiêu.",true,"~110.000","~140 kcal"
"vn_45","Đậu que xào thịt",20,82,"xao","Đậu que: 300g; Thịt heo/bò: 200g","1. Sơ chế: Đậu chần sơ. Thịt ướp. 2. Xào: Xào thịt săn, vớt ra. Xào đậu 2 phút. 3. Trộn: Cho thịt vào, nêm gia vị.",true,"~145.000","~240 kcal"
"vn_46","Cải thìa/xà lách xoong xào tỏi",20,66,"xao","Cải thìa: 500g; Tỏi: 30g","1. Sơ chế: Rau rửa sạch. 2. Xào: Phi tỏi, cho rau vào xào lửa lớn. 3. Nêm: Nêm nước mắm, tiêu.",true,"~60.000","~100 kcal"
"vn_47","Su su xào thịt",20,77,"xao","Su su: 400g; Thịt heo: 200g","1. Sơ chế: Su su gọt vỏ, thái mỏng. Thịt ướp. 2. Xào: Xào thịt săn, vớt ra. Xào su su 3–4 phút. 3. Trộn: Cho thịt vào, nêm gia vị.",true,"~130.000","~220 kcal"
"vn_48","Cà rốt, su hào xào",20,89,"xao","Cà rốt + su hào: 500g; Tỏi; hành lá","1. Sơ chế: Cắt sợi mỏng. 2. Xào: Phi tỏi, cho rau củ vào xào nhanh. 3. Nêm: Nêm nước mắm, tiêu.",true,"~70.000","~130 kcal"
"vn_49","Thịt bằm xào cà chua",20,93,"xao","Thịt heo xay: 300g; Cà chua: 3 quả; Hành; tỏi","1. Sơ chế: Cà chua thái hạt lựu. 2. Xào: Xào thịt săn, cho cà chua vào rim 5–7 phút. 3. Nêm: Nêm đường, nước mắm, tiêu.",true,"~120.000","~260 kcal"
"vn_50","Bò lúc lắc",20,62,"xao","Thịt bò nạc: 400g; Hành tây; ớt chuông; Nước tương; dầu hào; đường","1. Sơ chế: Bò cắt khối vuông, ướp với dầu hào, nước tương, đường. 2. Xào: Xào bò lửa lớn 2–3 phút, vớt ra. 3. Xào rau: Xào hành tây + ớt 2 phút. 4. Trộn: Cho bò vào, đảo đều.",true,"~210.000","~320 kcal"
"vn_51","Cơm chiên Dương Châu",20,87,"xao","Cơm nguội: 4 chén; Trứng: 2 quả; Tôm; lạp xưởng; cà rốt; đậu Hà Lan: 300g tổng","1. Sơ chế: Nguyên liệu cắt hạt lựu. 2. Xào: Xào trứng, vớt ra. Xào nguyên liệu, cho cơm vào. 3. Nêm: Nêm nước mắm, tiêu, cho trứng vào trộn đều.",true,"~180.000","~450 kcal"
"vn_52","Mì xào",20,90,"xao","Mì trứng: 400g; Thịt; tôm; rau củ: 400g tổng","1. Sơ chế: Mì luộc sơ, xốc dầu. Nguyên liệu ướp. 2. Xào: Xào thịt/tôm, cho rau củ, cho mì vào. 3. Nêm: Nêm dầu hào, nước tương, tiêu.",true,"~190.000","~480 kcal"
"vn_53","Hủ tiếu xào",20,89,"xao","Hủ tiếu khô: 400g; Thịt; tôm; giá; hẹ: 400g tổng","1. Sơ chế: Hủ tiếu ngâm mềm, để ráo. 2. Xào: Xào thịt/tôm, cho rau, cho hủ tiếu vào. 3. Nêm: Nêm nước tương, dầu hào.",true,"~200.000","~470 kcal"
"vn_54","Bún xào",20,91,"xao","Bún tươi: 500g; Thịt; tôm; giá; hẹ; trứng","1. Sơ chế: Bún để ráo. Trứng tráng mỏng, cắt sợi. 2. Xào: Xào thịt/tôm, cho rau, cho bún vào. 3. Nêm: Nêm nước mắm, tiêu.",true,"~195.000","~460 kcal"
"vn_55","Miến xào",20,87,"xao","Miến dong: 200g (khô); Thịt; nấm; cà rốt; hành lá","1. Sơ chế: Miến ngâm mềm, cắt ngắn. 2. Xào: Xào thịt, nấm, rau củ. 3. Cho miến: Cho miến vào, nêm nước tương, tiêu.",true,"~150.000","~400 kcal"
"vn_56","Bánh phở xào",20,77,"xao","Bánh phở tươi: 500g; Thịt bò; giá; hẹ; hành tây","1. Sơ chế: Bánh phở để ráo. 2. Xào: Xào bò tái, vớt ra. Xào rau, cho bánh phở vào. 3. Nêm: Nêm dầu hào, nước tương.",true,"~185.000","~440 kcal"
"vn_57","Bò xào lá lốt",20,65,"xao","Thịt bò: 300g; Lá lốt: 100g; Tỏi; sả","1. Sơ chế: Bò ướp. Lá lốt thái sợi. 2. Xào: Xào bò tái, vớt ra. Xào lá lốt 1 phút. 3. Trộn: Cho bò vào, nêm gia vị.",true,"~175.000","~260 kcal"
"vn_58","Ngao xào cay",20,66,"xao","Ngao: 600g; Ớt; sả; tỏi; hành lá","1. Sơ chế: Ngao ngâm, rửa sạch. 2. Xào: Phi sả + tỏi + ớt, cho ngao vào xào. 3. Nêm: Nêm nước mắm, đường, tiêu. Xào đến khi ngao há miệng.",true,"~160.000","~200 kcal"
"vn_59","Ốc xào me/sả ớt",20,64,"xao","Ốc bươu/ốc len: 500g; Me; sả; ớt; tỏi","1. Sơ chế: Ốc làm sạch, luộc sơ. 2. Sốt: Nấu me chín, lọc lấy nước. Xào sả + tỏi + ớt. 3. Xào: Cho ốc + nước me vào, rim 5 phút.",true,"~170.000","~220 kcal"
"vn_60","Lòng gà xào mướp",20,82,"xao","Lòng gà: 400g; Mướp hương: 300g; Hành; tỏi","1. Sơ chế: Lòng gà làm sạch, ướp. Mướp gọt, cắt miếng. 2. Xào: Xào lòng gà săn, vớt ra. Xào mướp 2 phút. 3. Trộn: Cho lòng gà vào, nêm gia vị.",true,"~150.000","~250 kcal"
"vn_61","Sườn non xào chua ngọt",20,85,"xao","Sườn non: 500g; Cà chua; dứa; ớt chuông","1. Sơ chế: Sườn ướp, chiên sơ. 2. Sốt: Xào cà chua + dứa, nêm giấm, đường, nước mắm. 3. Xào: Cho sườn vào rim 5–7 phút cho thấm.",true,"~220.000","~420 kcal"
"vn_62","Canh rau ngót thịt bằm",30,66,"canh","Rau ngót: 300g; Thịt heo xay: 200g; Hành tím; nước mắm; tiêu","1. Sơ chế: Rau ngót vò nát, rửa sạch. Thịt ướp hành, nước mắm. 2. Nấu: Đun sôi nước, cho thịt vào quấy đều. 3. Cho rau: Khi nước sôi lại, cho rau ngót vào, đun 2–3 phút. 4. Nêm: Nêm nước mắm, tiêu, tắt bếp.",true,"~90.000","~150 kcal"
"vn_63","Canh mồng tơi nấu tôm/cua",30,90,"canh","Mồng tơi: 300g; Tôm sú hoặc cua đồng: 200g; Hành; tỏi","1. Sơ chế: Tôm bóc vỏ, giã sơ. Cua giã lấy gạch và nước. 2. Nấu: Cho nước vào nồi, cho tôm/cua vào nấu sôi. 3. Cho rau: Cho mồng tơi vào, đun 2 phút. 4. Nêm: Nêm nước mắm, tiêu.",true,"~120.000 (tôm) / ~100.000 (cua)","~140 kcal"
"vn_64","Canh bầu/bí nấu tôm",30,97,"canh","Bầu/bí: 400g; Tôm sú: 200g; Hành lá; nước mắm","1. Sơ chế: Bầu gọt vỏ, cắt miếng. Tôm giã dập. 2. Nấu: Xào tôm thơm, đổ nước vào đun sôi. 3. Cho bầu: Cho bầu vào, nấu 5–7 phút. 4. Nêm: Nêm nước mắm, hành lá.",true,"~110.000","~130 kcal"
"vn_65","Canh khổ qua nhồi thịt",30,70,"canh","Khổ qua: 4 trái (~300g); Thịt heo xay: 250g; Nấm mèo; hành; nước dùng","1. Sơ chế: Khổ qua bỏ ruột, nhồi thịt đã trộn với nấm mèo, hành. 2. Nấu: Đun sôi nước dùng, cho khổ qua vào. 3. Hầm: Nấu 15–20 phút cho chín mềm. 4. Nêm: Nêm nước mắm, tiêu.",true,"~140.000","~180 kcal"
"vn_66","Canh chua cá lóc/cá bông lau",30,80,"canh","Cá lóc/bông lau: 500g; Dọc mùng; đậu bắp; cà chua; me; rau thơm","1. Sơ chế: Cá làm sạch, cắt khúc. Me dầm lấy nước. 2. Xào: Xào cà chua, dọc mùng, đậu bắp. 3. Nấu: Đổ nước + nước me vào, cho cá vào nấu 10 phút. 4. Hoàn thiện: Cho rau om, ngò gai, ớt.",true,"~180.000","~200 kcal"
"vn_67","Canh chua đầu cá hồi",30,92,"canh","Đầu cá hồi: 1 cái (~400g); Cà chua; dứa; me; rau thơm","1. Sơ chế: Đầu cá làm sạch, chiên sơ. 2. Xào: Xào cà chua + dứa thơm. 3. Nấu: Đổ nước + nước me vào, cho đầu cá vào nấu 10–12 phút. 4. Nêm: Cho rau thơm, ớt.",true,"~220.000","~250 kcal"
"vn_68","Canh chua tôm",30,99,"canh","Tôm sú: 300g; Dọc mùng; đậu bắp; cà chua; me; bạc hà","1. Sơ chế: Tôm bóc vỏ, để nguyên đuôi. 2. Xào: Xào cà chua, dọc mùng, đậu bắp. 3. Nấu: Đổ nước + nước me vào, cho tôm vào nấu 5–7 phút. 4. Hoàn thiện: Cho rau thơm, ớt.",true,"~160.000","~160 kcal"
"vn_69","Canh cá nấu ngót/dọc mùng",30,85,"canh","Cá lóc/thác lác: 400g; Rau ngót/dọc mùng: 200g; Cà chua; me","1. Sơ chế: Cá làm sạch. Rau ngót vò, dọc mùng bào sợi. 2. Xào: Xào cà chua, cho cá vào xào sơ. 3. Nấu: Đổ nước vào, nấu 10 phút, cho rau vào. 4. Nêm: Nêm nước mắm, me.",true,"~150.000","~170 kcal"
"vn_70","Canh cua rau đay/mồng tơi",30,76,"canh","Cua đồng: 300g; Rau đay/mồng tơi: 300g; Mướp hương: 100g","1. Sơ chế: Cua giã, lọc lấy nước. Rau rửa sạch. 2. Nấu: Đun sôi nước cua, vớt gạch. 3. Cho rau: Cho rau + mướp vào, nấu 5 phút. 4. Hoàn thiện: Cho gạch cua lên mặt, nêm muối.",true,"~110.000","~120 kcal"
"vn_71","Canh cua mướp",30,71,"canh","Cua đồng: 300g; Mướp hương: 300g; Hành lá","1. Sơ chế: Cua giã, lọc. Mướp gọt, cắt miếng. 2. Nấu: Đun sôi nước cua, cho mướp vào. 3. Nêm: Nêm muối, cho gạch cua lên trên.",true,"~100.000","~110 kcal"
"vn_72","Canh hến nấu chua",30,70,"canh","Hến: 500g; Cà chua; me; dọc mùng; rau răm","1. Sơ chế: Hến ngâm, luộc lấy nước và thịt. 2. Xào: Xào cà chua, dọc mùng. 3. Nấu: Đổ nước hến + nước me vào, cho thịt hến vào. 4. Hoàn thiện: Cho rau răm, ớt.",true,"~130.000","~140 kcal"
"vn_73","Canh riêu cua",30,75,"canh","Cua đồng: 400g; Cà chua; đậu phụ; hành lá","1. Sơ chế: Cua giã, lọc. Đậu chiên vàng. 2. Riêu: Đun nước cua, khuấy nhẹ để riêu nổi. 3. Xào: Xào cà chua, cho vào nồi. 4. Hoàn thiện: Cho đậu, hành, nêm muối.",true,"~140.000","~160 kcal"
"vn_74","Canh sườn non nấu bí/củ quả",30,93,"canh","Sườn non: 400g; Bí đỏ/khoai tây/cà rốt: 300g","1. Sơ chế: Sườn chần sơ. Bí/củ cắt miếng. 2. Nấu: Hầm sườn 30 phút, cho củ vào nấu thêm 15 phút. 3. Nêm: Nêm nước mắm, tiêu.",true,"~160.000","~220 kcal"
"vn_75","Canh sườn nấu chua",30,75,"canh","Sườn non: 400g; Me; dọc mùng; cà chua; đậu bắp","1. Sơ chế: Sườn chần. Rau củ cắt vừa. 2. Xào: Xào cà chua, dọc mùng. 3. Nấu: Hầm sườn 20 phút, cho rau + nước me vào. 4. Hoàn thiện: Nêm gia vị, cho rau thơm.",true,"~170.000","~230 kcal"
"vn_76","Canh sườn nấu khoai tây/cà rốt",30,65,"canh","Sườn non: 400g; Khoai tây; cà rốt: 300g tổng","1. Sơ chế: Sườn chần. Củ cắt khối. 2. Nấu: Hầm sườn 30 phút, cho củ vào nấu 15 phút. 3. Nêm: Nêm nước mắm, tiêu.",true,"~155.000","~210 kcal"
"vn_77","Canh gà nấm/nấu thuốc bắc",30,72,"canh","Gà ta: 500g; Nấm đông cô: 100g; Thuốc bắc (kỷ tử; táo đỏ; hoài sơn): 30g","1. Sơ chế: Gà chặt miếng, chần. Nấm ngâm. 2. Hầm: Cho gà + thuốc bắc vào hầm 45–60 phút. 3. Cho nấm: Cho nấm vào nấu 10 phút. 4. Nêm: Nêm ít muối.",true,"~250.000","~280 kcal"
"vn_78","Canh trứng cà chua",30,82,"canh","Trứng: 3 quả; Cà chua: 3 quả; Hành lá; nước mắm","1. Sơ chế: Cà chua thái múi. Trứng đánh tan. 2. Xào: Xào cà chua chín mềm. 3. Nấu: Đổ nước vào, đun sôi, từ từ đổ trứng vào. 4. Nêm: Nêm nước mắm, hành lá.",true,"~70.000","~150 kcal"
"vn_79","Canh đậu hũ non nấu nấm",30,97,"canh","Đậu hũ non: 200g; Nấm rơm/đùi gà: 150g; Hành lá; nước dùng","1. Sơ chế: Đậu cắt khối. Nấm ngâm, rửa. 2. Nấu: Đun sôi nước dùng, cho nấm vào nấu 5 phút. 3. Cho đậu: Cho đậu hũ vào, nấu 3 phút. 4. Nêm: Nêm nước tương, tiêu.",true,"~100.000","~130 kcal"
"vn_80","Canh rong biển thịt bằm",30,94,"canh","Rong biển khô: 20g; Thịt heo xay: 200g; Tỏi; nước mắm","1. Sơ chế: Rong biển ngâm nở. Thịt ướp. 2. Nấu: Xào thịt săn, đổ nước vào, cho rong biển. 3. Nấu: Đun 10 phút. 4. Nêm: Nêm nước mắm, tiêu.",true,"~110.000","~140 kcal"
"vn_81","Canh bắp cải thịt viên",30,91,"canh","Bắp cải: 400g; Thịt heo xay: 250g; Hành; nước dùng","1. Sơ chế: Bắp cải cắt miếng. Thịt viên vo tròn. 2. Nấu: Đun sôi nước dùng, cho thịt viên vào. 3. Cho rau: Khi thịt chín, cho bắp cải vào nấu 5–7 phút. 4. Nêm: Nêm nước mắm, tiêu.",true,"~130.000","~170 kcal"
"vn_82","Canh bún tàu/thịt bằm",30,100,"canh","Bún tàu: 50g; Thịt heo xay: 200g; Cà rốt; nấm mèo","1. Sơ chế: Bún tàu ngâm mềm. Thịt ướp. 2. Nấu: Xào thịt, đổ nước vào, cho cà rốt + nấm. 3. Cho bún: Nấu 10 phút, cho bún tàu vào. 4. Nêm: Nêm nước mắm.",true,"~100.000","~160 kcal"
"vn_83","Canh chả cá/thịt viên",30,72,"canh","Chả cá/thịt viên: 300g; Cà chua; thì là; dọc mùng","1. Sơ chế: Chả cắt miếng. Cà chua thái. 2. Xào: Xào cà chua, dọc mùng. 3. Nấu: Đổ nước vào, cho chả vào nấu 10 phút. 4. Hoàn thiện: Cho thì là, ớt.",true,"~150.000","~190 kcal"
"vn_84","Canh cá rô đồng nấu ngót",30,93,"canh","Cá rô đồng: 500g; Rau ngót: 200g; Gừng; hành","1. Sơ chế: Cá làm sạch, chiên sơ. Rau ngót vò. 2. Nấu: Đun sôi nước, cho cá + gừng vào nấu 15 phút. 3. Cho rau: Cho rau ngót vào, nấu 2 phút. 4. Nêm: Nêm nước mắm.",true,"~190.000","~180 kcal"
"vn_85","Canh cá diêu hồng nấu thì là",30,65,"canh","Cá diêu hồng: 1 con (~600g); Thì là; hành lá; cà chua","1. Sơ chế: Cá làm sạch, cắt khúc. 2. Xào: Xào cà chua thơm. 3. Nấu: Đổ nước vào, cho cá vào nấu 10 phút. 4. Hoàn thiện: Cho thì là, hành, nêm nước mắm.",true,"~200.000","~200 kcal"
"vn_86","Canh măng chua nấu sườn",30,83,"canh","Sườn non: 400g; Măng chua: 200g; Cà chua; ớt; hành","1. Sơ chế: Sườn chần. Măng luộc kỹ, vắt ráo. 2. Xào: Xào măng + cà chua. 3. Nấu: Hầm sườn 30 phút, cho măng vào nấu 15 phút. 4. Nêm: Nêm nước mắm, ớt.",true,"~160.000","~220 kcal"
"vn_87","Súp gà nấm",30,85,"canh","Ức gà: 200g; Nấm: 100g; Bột năng; trứng; ngô ngọt","1. Sơ chế: Gà luộc, xé sợi. Nấm cắt nhỏ. 2. Nấu: Đun sôi nước dùng, cho nấm + ngô. 3. Làm sánh: Hòa bột năng, từ từ đổ vào. 4. Hoàn thiện: Đánh trứng vào, nêm hạt nêm.",true,"~120.000","~180 kcal"
"vn_88","Súp bắp/cua",30,84,"canh","Cua thịt: 100g; Ngô ngọt: 150g; Trứng; bột năng","1. Sơ chế: Cua hấp. Ngô tách hạt. 2. Nấu: Đun sôi nước dùng, cho ngô + cua. 3. Làm sánh: Hòa bột năng, đổ vào. 4. Đánh trứng, nêm gia vị.",true,"~140.000","~170 kcal"
"vn_89","Súp hải sản",30,82,"canh","Tôm; mực; cua: 200g tổng; Ngô; nấm; cà rốt; bột năng; trứng","1. Sơ chế: Hải sản làm sạch, cắt nhỏ. 2. Nấu: Đun sôi nước dùng, cho rau củ. 3. Cho hải sản, nấu 5 phút. 4. Làm sánh + trứng, nêm gia vị.",true,"~180.000","~200 kcal"
"vn_90","Súp rong biển đậu hũ",30,97,"canh","Rong biển: 15g; Đậu hũ non: 100g; Trứng; bột năng","1. Sơ chế: Rong biển ngâm. Đậu cắt hạt lựu. 2. Nấu: Đun sôi nước dùng, cho rong biển + đậu. 3. Làm sánh, đánh trứng, nêm nước tương.",true,"~90.000","~140 kcal"
"vn_91","Canh bí đỏ thịt bằm",30,83,"canh","Bí đỏ: 400g; Thịt heo xay: 200g; Hành; nước mắm","1. Sơ chế: Bí gọt, cắt miếng. 2. Nấu: Xào thịt săn, đổ nước vào, cho bí. 3. Nấu: Nấu 10–15 phút cho bí mềm. 4. Nêm: Nêm nước mắm, hành lá.",true,"~100.000","~160 kcal"
"vn_92","Cá chiên (các loại cá)",30,68,"chien","Cá lóc/basа/thu: 800g; Muối; tiêu; chanh","1. Sơ chế: Cá làm sạch, khứa vảy, thấm khô. 2. Ướp: Rắc muối + tiêu, để 10 phút. 3. Chiên: Dầu nóng già, cho cá vào chiên lửa vừa đến khi vàng giòn hai mặt. 4. Hoàn thiện: Vắt chanh trước khi ăn.",true,"~180.000","~320 kcal"
"vn_93","Cá chiên sốt cà chua",30,64,"chien","Cá basa/lóc: 600g; Cà chua: 3 quả; Hành; tỏi; nước mắm","1. Chiên cá: Làm như trên, chiên sơ. 2. Làm sốt: Xào hành tỏi, cho cà chua vào xào nhuyễn. 3. Rim: Cho cá vào rim 5–7 phút với sốt. 4. Nêm: Nêm đường, nước mắm, tiêu.",true,"~190.000","~340 kcal"
"vn_94","Cá chiên mắm tỏi/riềng",30,73,"chien","Cá: 600g; Tỏi/riềng: 30g; Nước mắm; đường; ớt","1. Chiên cá vàng giòn. 2. Phi thơm: Tỏi băm hoặc riềng giã nhỏ. 3. Pha sốt: Nước mắm + đường + nước lọc (tỷ lệ 1:1:1), đun sôi. 4. Rưới: Rưới sốt lên cá đã chiên.",true,"~185.000","~330 kcal"
"vn_95","Thịt heo chiên giòn (pan-seared)",30,65,"chien","Thịt nạc vai/ba chỉ: 500g; Muối; tiêu; dầu ăn","1. Sơ chế: Thịt cắt miếng dày 1.5cm, thấm khô. 2. Chiên: Áp chảo không cần nhiều dầu, chiên vàng đều hai mặt. 3. Nghỉ: Để thịt nghỉ 3 phút trước khi cắt.",true,"~160.000","~380 kcal"
"vn_96","Sườn chiên nước mắm",30,79,"chien","Sườn non: 600g; Tỏi; ớt; nước mắm; đường","1. Sơ chế: Sườn chặt miếng, ướp nhẹ. 2. Chiên: Chiên ngập dầu cho vàng giòn. 3. Làm sốt: Phi tỏi, cho hỗn hợp nước mắm + đường + nước vào đun sệt. 4. Trộn: Cho sườn vào đảo đều.",true,"~200.000","~450 kcal"
"vn_97","Sườn chiên xù",30,85,"chien","Sườn non: 500g; Trứng; bột chiên xù; bột mì","1. Sơ chế: Sườn ướp gia vị, hấp sơ 10 phút. 2. Lăn bột: Nhúng qua bột mì → trứng → bột xù. 3. Chiên: Chiên ngập dầu lửa vừa đến khi vàng giòn.",true,"~210.000","~480 kcal"
"vn_98","Tôm chiên bột",30,55,"chien","Tôm sú: 400g; Bột chiên giòn; trứng","1. Sơ chế: Tôm bóc vỏ, chừa đuôi, thấm khô. 2. Lăn bột: Nhúng trứng → bột chiên giòn. 3. Chiên: Chiên ngập dầu đến khi vàng giòn.",true,"~230.000","~320 kcal"
"vn_99","Tôm chiên mắm tỏi",30,72,"chien","Tôm: 400g; Tỏi; ớt; nước mắm; đường","1. Chiên tôm sơ qua. 2. Làm sốt: Phi tỏi, cho hỗn hợp nước mắm + đường + nước vào. 3. Xào: Cho tôm vào xào nhanh 2–3 phút cho thấm.",true,"~225.000","~310 kcal"
"vn_100","Tôm lăn bột chiên",30,83,"chien","Tôm: 400g; Bột năng/bột gạo; nước","1. Pha bột: Bột + nước thành hỗn hợp sánh. 2. Nhúng tôm vào bột. 3. Chiên: Chiên ngập dầu lửa vừa, tôm giòn nhẹ.",true,"~220.000","~300 kcal"
"vn_101","Đậu hũ chiên giòn",30,78,"chien","Đậu hũ non/cứng: 400g; Dầu ăn; muối","1. Sơ chế: Đậu cắt miếng, thấm khô. 2. Chiên: Dầu nóng, chiên vàng đều các mặt. 3. Ăn kèm: Chấm tương ớt hoặc nước mắm chua ngọt.",true,"~60.000","~220 kcal"
"vn_102","Đậu hũ chiên sốt thịt bằm/cà chua",30,85,"chien","Đậu hũ: 300g; Thịt bằm: 200g hoặc cà chua: 2 quả","1. Chiên đậu vàng giòn. 2. Làm sốt: Xào thịt/cà chua, nêm gia vị. 3. Rưới: Rưới sốt lên đậu đã chiên.",true,"~120.000","~280 kcal"
"vn_103","Đậu hũ nhồi thịt chiên",30,78,"chien","Đậu hũ: 300g; Thịt heo xay: 200g; Nấm mèo; hành","1. Nhồi: Cắt đôi đậu, khoét giữa, nhồi thịt đã trộn. 2. Chiên: Áp chảo vàng đều hai mặt. 3. Nêm: Có thể rim nhẹ với nước mắm.",true,"~140.000","~300 kcal"
"vn_104","Trứng chiên thịt bằm/hành lá",30,74,"chien","Trứng: 4 quả; Thịt bằm: 150g hoặc hành lá: 50g","1. Đánh trứng với thịt/hành, nêm chút nước mắm. 2. Chiên: Dùng chảo chống dính, chiên lửa vừa. 3. Gấp hoặc để nguyên miếng.",true,"~70.000","~250 kcal"
"vn_105","Trứng chiên mắm",30,62,"chien","Trứng: 4 quả; Nước mắm; đường; tỏi","1. Đánh trứng với nước mắm + đường. 2. Chiên: Chiên như trứng thường. 3. Hoàn thiện: Ăn nóng, có thể rắc tiêu.",true,"~65.000","~240 kcal"
"vn_106","Trứng cuộn/ốp la",30,84,"chien","Trứng: 4 quả; Sữa (tùy chọn); muối; tiêu","1. Ốp la: Chiên trứng nguyên lòng, lửa nhỏ. 2. Trứng cuộn: Đánh trứng, chiên mỏng, cuộn lại từng lớp. 3. Ăn kèm: Bánh mì, cơm, salad.",true,"~60.000","~230 kcal"
"vn_107","Chả cá/thịt chiên",30,57,"chien","Chả cá/thịt: 400g; Dầu ăn","1. Sơ chế: Chả cắt lát vừa. 2. Chiên: Chiên ngập dầu hoặc áp chảo đến khi vàng. 3. Ăn kèm: Bún, rau sống, mắm nêm.",true,"~150.000","~350 kcal"
"vn_108","Chả giò/chả nem rán",30,53,"chien","Bánh tráng cuốn: 20 cái; Thịt; nấm; miến; cà rốt: 500g tổng","1. Cuốn: Nhân trộn đều, cuốn chặt tay. 2. Chiên: Chiên ngập dầu lửa vừa đến khi vàng giòn. 3. Ăn kèm: Nước mắm chua ngọt, rau sống.",true,"~180.000","~400 kcal"
"vn_109","Nem nướng/Nem Lụi (chiên)",30,68,"chien","Giò sống/thịt xay: 500g; Sả cây; que tre","1. Quết: Trộn thịt với gia vị, quết dai. 2. Nặn: Quấn quanh sả hoặc que tre. 3. Chiên: Chiên ngập dầu hoặc nướng.",true,"~190.000","~380 kcal"
"vn_110","Bánh xèo",30,81,"chien","Bột gạo: 200g; Nước cốt dừa; nghệ; tôm; thịt; giá","1. Pha bột: Bột + nước + nước cốt dừa + nghệ. 2. Chiên: Đổ bột vào chảo nóng, cho nhân, gập lại. 3. Ăn kèm: Rau sống, nước mắm chua ngọt.",true,"~170.000","~450 kcal"
"vn_111","Bánh khọt",30,57,"chien","Bột gạo: 200g; Nước cốt dừa; tôm; hành lá","1. Pha bột như bánh xèo. 2. Chiên: Đổ vào khuôn tròn, rắc tôm lên. 3. Ăn kèm: Rau sống, nước mắm.",true,"~160.000","~420 kcal"
"vn_112","Khoai tây/cà rốt chiên",30,62,"chien","Khoai tây: 400g; Cà rốt: 100g (tùy chọn); Dầu ăn; muối","1. Sơ chế: Cắt que, ngâm nước lạnh, thấm khô. 2. Chiên: Chiên 2 lần – lần 1 lửa nhỏ, lần 2 lửa lớn cho giòn. 3. Ăn kèm: Sốt mayonnaise, tương ớt.",true,"~80.000","~280 kcal"
"vn_113","Cá viên/chả cá chiên",30,73,"chien","Cá viên đông lạnh/tự làm: 400g","1. Rã đông nếu dùng đông lạnh. 2. Chiên: Chiên ngập dầu lửa vừa đến khi vàng. 3. Ăn kèm: Sốt me, tương ớt.",true,"~140.000","~320 kcal"
"vn_114","Gà chiên nước mắm",30,65,"chien","Gà ta/đùi gà: 600g; Tỏi; ớt; nước mắm; đường","1. Chiên gà vàng giòn. 2. Làm sốt: Phi tỏi, cho hỗn hợp nước mắm + đường + nước vào. 3. Xào: Cho gà vào đảo đều 2–3 phút.",true,"~210.000","~460 kcal"
"vn_115","Gà chiên giòn (fried chicken)",30,57,"chien","Đùi/gà nguyên con: 800g; Bột mì; bột năng; trứng; sữa","1. Ướp gà với sữa + gia vị 30 phút. 2. Lăn bột: Nhúng trứng → hỗn hợp bột. 3. Chiên: Chiên ngập dầu 2 lần cho giòn.",true,"~230.000","~520 kcal"
"vn_116","Gà chiên bơ tỏi",30,82,"chien","Gà: 600g; Bơ; tỏi; rau mùi","1. Chiên gà chín vàng. 2. Làm sốt: Tan chảy bơ, phi tỏi thơm. 3. Trộn: Cho gà vào đảo đều, rắc rau mùi.",true,"~240.000","~500 kcal"
"vn_117","Mực chiên giòn",30,69,"chien","Mực ống: 500g; Bột chiên giòn; trứng","1. Sơ chế: Mực làm sạch, cắt khoanh. 2. Lăn bột: Nhúng trứng → bột. 3. Chiên: Chiên ngập dầu đến khi vàng giòn.",true,"~250.000","~340 kcal"
"vn_118","Mực chiên mắm tỏi",30,65,"chien","Mực: 500g; Tỏi; ớt; nước mắm; đường","1. Chiên mực sơ. 2. Làm sốt: Phi tỏi, cho hỗn hợp nước mắm + đường + nước. 3. Xào: Cho mực vào xào nhanh 2 phút.",true,"~245.000","~330 kcal"
"vn_119","Cánh gà chiên nước mắm/mật ong",30,74,"chien","Cánh gà: 600g; Tỏi; mật ong; nước mắm; ớt","1. Chiên cánh vàng giòn. 2. Làm sốt: Đun sôi nước mắm + mật ong + tỏi. 3. Áo sốt: Trộn cánh gà vào sốt.",true,"~220.000","~480 kcal"
"vn_120","Thịt ba chỉ chiên nước mắm",30,72,"chien","Thịt ba chỉ: 500g; Tỏi; ớt; nước mắm; đường","1. Luộc sơ thịt, để ráo. 2. Chiên: Chiên cho mỡ ra, thịt vàng giòn. 3. Làm sốt: Phi tỏi, cho hỗn hợp nước mắm + đường. 4. Trộn: Cho thịt vào đảo đều.",true,"~170.000","~420 kcal"
"vn_121","Cơm chiên (các loại)",30,82,"chien","Cơm nguội: 4 chén; Trứng; hành lá; thịt/tôm tùy chọn","1. Xào: Phi hành, cho trứng vào đánh. 2. Cho cơm: Dùng đũa xới tơi, xào đều. 3. Nêm: Nêm nước mắm, tiêu, hành lá.",true,"~100.000","~450 kcal"
"vn_122","Cá hấp xì dầu/hành gừng",40,97,"hap","Cá diêu hồng/lóc: 800g; Xì dầu; hành lá; gừng; rượu trắng","1. Sơ chế: Cá làm sạch, khứa vảy, ướp với gừng + rượu 10 phút. 2. Trang trí: Rải hành + gừng lên mình cá. 3. Hấp: Hấp cách thủy 15–20 phút. 4. Rưới: Rưới xì dầu pha loãng (có thể thêm đường).",true,"~200.000","~280 kcal"
"vn_123","Cá hấp bia",40,86,"hap","Cá basa/thu: 800g; Bia: 1 lon (330ml); Gừng; sả; ớt","1. Sơ chế: Cá làm sạch, để nguyên con hoặc cắt khúc. 2. Ướp: Ướp với gừng, sả đập dập. 3. Hấp: Đổ bia vào nồi hấp, đặt cá lên trên, hấp 20–25 phút. 4. Hoàn thiện: Rắc ớt, hành lá.",true,"~190.000","~270 kcal"
"vn_124","Cá hấp hành",40,85,"hap","Cá lóc/diêu hồng: 800g; Hành lá; hành tím; tiêu; nước mắm","1. Sơ chế: Cá làm sạch. 2. Phủ hành: Cắt hành lá dài, phủ kín mình cá. 3. Hấp: Hấp 15–20 phút. 4. Nêm: Rưới hỗn hợp nước mắm + tiêu + đường pha loãng.",true,"~185.000","~260 kcal"
"vn_125","Tôm hấp bia/sả",40,73,"hap","Tôm sú: 500g; Bia: ½ lon hoặc sả: 5 cây","1. Sơ chế: Tôm rửa sạch, để nguyên vỏ. 2. Hấp: Xếp sả dưới đáy xửng, cho tôm lên, hấp 8–10 phút. 3. Hoặc: Hấp với bia thay nước. 4. Ăn kèm: Muối ớt chanh.",true,"~240.000","~200 kcal"
"vn_126","Tôm hấp nước dừa",40,79,"hap","Tôm sú: 500g; Nước dừa tươi: 300ml; Sả; lá chanh","1. Sơ chế: Tôm rửa sạch. 2. Hấp: Đổ nước dừa vào nồi, cho sả + lá chanh, hấp tôm 8–10 phút. 3. Hoàn thiện: Tôm ngọt tự nhiên, dậy mùi dừa.",true,"~250.000","~210 kcal"
"vn_127","Ngao/hến hấp sả",40,85,"hap","Ngao/hến: 800g; Sả: 5 cây; Ớt; lá chanh","1. Sơ chế: Ngao ngâm nước vo gạo + ớt cay 1–2 tiếng. 2. Hấp: Xếp sả dưới xửng, cho ngao lên, hấp 5–7 phút đến khi há miệng. 3. Ăn kèm: Nước chấm gừng hoặc mắm ớt.",true,"~150.000","~150 kcal"
"vn_128","Ốc hấp lá gừng/sả",40,98,"hap","Ốc bươu/ốc len: 600g; Lá gừng; sả; ớt","1. Sơ chế: Ốc ngâm kỹ, rửa sạch. 2. Hấp: Xếp lá gừng + sả dưới xửng, cho ốc lên, hấp 10–12 phút. 3. Hoàn thiện: Ốc thơm, giữ vị ngọt tự nhiên.",true,"~160.000","~160 kcal"
"vn_129","Gà hấp hành gừng",40,76,"hap","Gà ta: 1 con (~1.2kg); Hành lá; gừng; muối; rượu","1. Sơ chế: Gà làm sạch, xát muối + rượu. 2. Nhồi: Nhồi hành + gừng vào bụng gà. 3. Hấp: Hấp cách thủy 45–60 phút. 4. Ăn kèm: Muối tiêu chanh.",true,"~320.000","~380 kcal"
"vn_130","Gà hấp muối sả/lá chanh",40,99,"hap","Gà: 1 con; Muối hột; sả; lá chanh","1. Lót nồi: Rải lớp muối dày + sả + lá chanh. 2. Đặt gà lên trên (không chạm muối). 3. Hấp khô: Đậy kín, hấp 60–75 phút. 4. Đặc điểm: Gà thơm, da săn, không cần nước.",true,"~330.000","~370 kcal"
"vn_131","Gà hấp nấm",40,83,"hap","Gà: 800g; Nấm đông cô/rơm: 200g; Gừng; hành","1. Sơ chế: Gà chặt miếng, nấm ngâm. 2. Xếp: Trộn gà + nấm + gừng, cho vào tô. 3. Hấp: Hấp 30–40 phút. 4. Nêm: Rắc hành lá, tiêu.",true,"~280.000","~350 kcal"
"vn_132","Sườn hấp",40,97,"hap","Sườn non: 500g; Hành; tỏi; nước mắm; đường","1. Sơ chế: Sườn chặt miếng, ướp với hành tỏi + nước mắm + đường 30 phút. 2. Hấp: Hấp 25–30 phút. 3. Hoàn thiện: Rắc tiêu, hành lá.",true,"~180.000","~320 kcal"
"vn_133","Thịt heo hấp mắm tôm",40,74,"hap","Thịt ba chỉ: 500g; Mắm tôm; đường; ớt; chanh","1. Sơ chế: Thịt luộc sơ, để nguội. 2. Pha mắm: Mắm tôm + đường + chanh + ớt đánh bọt. 3. Hấp: Không hấp thịt, mà ăn sống với mắm tôm. Lưu ý: Đây là món ""thịt luộc chấm mắm tôm"", nhưng thường gọi là ""hấp"" trong khẩu ngữ. → Nếu hấp: hấp thịt 20 phút, chấm mắm tôm.",true,"~140.000","~350 kcal"
"vn_134","Mực hấp gừng",40,73,"hap","Mực ống: 500g; Gừng; hành lá; rượu","1. Sơ chế: Mực làm sạch, để nguyên con. 2. Ướp: Xát gừng + rượu. 3. Hấp: Hấp 8–10 phút. 4. Ăn kèm: Nước mắm gừng.",true,"~260.000","~220 kcal"
"vn_135","Trứng hấp thịt bằm (trứng chưng)",40,82,"hap","Trứng: 4 quả; Thịt heo xay: 150g; Nước lọc (tỷ lệ 1:1.5 trứng:nước)","1. Đánh trứng với nước + thịt bằm. 2. Lọc: Lược qua rây để mịn. 3. Hấp: Hấp lửa nhỏ 15–20 phút, đậy khăn lên nắp. 4. Hoàn thiện: Rắc hành lá, tiêu.",true,"~80.000","~240 kcal"
"vn_136","Trứng hấp nấm",40,75,"hap","Trứng: 4 quả; Nấm rơm/đùi gà: 100g; Nước lọc","1. Sơ chế: Nấm thái nhỏ, xào sơ. 2. Đánh trứng với nước (tỷ lệ 1:1.5). 3. Hấp: Cho nấm vào tô, đổ trứng lên, hấp 15–20 phút.",true,"~90.000","~230 kcal"
"vn_137","Đậu hũ hấp tôm/thịt",40,67,"hap","Đậu hũ non: 300g; Tôm/thịt: 200g; Trứng; hành lá","1. Sơ chế: Đậu nghiền nhuyễn, trộn với tôm/thịt + trứng. 2. Đổ khuôn: Cho vào tô chịu nhiệt. 3. Hấp: Hấp 20–25 phút. 4. Rưới: Nước tương hoặc xì dầu.",true,"~150.000","~260 kcal"
"vn_138","Bánh bao hấp",40,72,"hap","Bột bánh bao: 500g; Nhân thịt/trứng muối: 300g","1. Nhào bột, ủ nở. 2. Bao nhân, tạo hình. 3. Hấp: Hấp 15–20 phút trên xửng sôi. 4. Lưu ý: Dùng khăn ẩm đậy để bánh không bị vàng.",true,"~120.000 (4 cái)","~280 kcal/cái"
"vn_139","Bánh bò/bánh tiêu hấp",40,82,"hap","Bột gạo/bột năng: 300g; Men nở; đường; nước cốt dừa","1. Pha bột, ủ 2–3 tiếng cho nở xốp. 2. Đổ khuôn: Dùng khuôn nhỏ. 3. Hấp: Hấp 20–25 phút. 4. Đặc điểm: Bánh nở bông, mềm xốp.",true,"~80.000 (6 cái)","~180 kcal/cái"
"vn_140","Xôi hấp (các loại)",40,65,"hap","Gạo nếp: 500g; Nước cốt dừa; đậu xanh; lá dứa/màu thực phẩm","1. Ngâm nếp 4–6 tiếng. 2. Trộn: Với nước cốt dừa, đậu xanh (nếu có). 3. Hấp: Hấp 30–40 phút, xới đều giữa chừng. 4. Ăn kèm: Muối mè hoặc chà bông.",true,"~100.000","~420 kcal"
"vn_141","Cá mòi hấp thì là",40,83,"hap","Cá mòi tươi: 600g; Thì là; hành; gừng","1. Sơ chế: Cá làm sạch. 2. Ướp: Với gừng, hành. 3. Hấp: Rải thì là lên cá, hấp 15 phút. 4. Nêm: Rưới nước mắm pha.",true,"~170.000","~250 kcal"
"vn_142","Hàu hấp",40,81,"hap","Hàu sữa: 500g; Gừng; sả; lá chanh","1. Sơ chế: Rửa sạch, để nguyên vỏ. 2. Hấp: Xếp lên xửng, hấp 5–7 phút. 3. Ăn kèm: Muối tiêu chanh hoặc mắm gừng.",true,"~280.000","~180 kcal"
"vn_143","Nghêu hấp thái",40,70,"hap","Nghêu: 800g; Sả; ớt; lá chanh; nước cốt me","1. Sơ chế: Nghêu ngâm sạch. 2. Hấp: Xếp sả + lá chanh, hấp 5 phút. 3. Rưới: Nước sốt me + ớt sau khi hấp.",true,"~160.000","~150 kcal"
"vn_144","Cá bống hấp",40,66,"hap","Cá bống đồng: 500g; Gừng; hành; tiêu","1. Sơ chế: Cá làm sạch, để nguyên con. 2. Hấp: Xếp gừng + hành lên cá, hấp 15–20 phút. 3. Nêm: Rưới nước mắm pha.",true,"~200.000","~220 kcal"
"vn_145","Bánh canh hấp",40,79,"hap","Bột gạo: 300g; Nước; muối","1. Pha bột loãng như bột bánh cuốn. 2. Tráng: Múc bột vào khuôn phẳng, hấp 5–7 phút. 3. Cắt sợi: Dùng làm bánh canh tươi.",true,"~60.000","~200 kcal"
"vn_146","Bánh ướt hấp",40,86,"hap","Bột gạo: 300g; Nước; muối","1. Pha bột loãng. 2. Tráng: Dùng xửng tròn, hấp từng lớp mỏng 2–3 phút. 3. Cuộn: Ăn với chả, nem, rau.",true,"~70.000","~180 kcal"
"vn_147","Thịt heo luộc",20,83,"luoc","Thịt ba chỉ/nạc vai: 600g; Gừng; hành tím; muối","1. Sơ chế: Thịt rửa sạch, có thể chần sơ. 2. Luộc: Cho thịt vào nồi, đổ ngập nước, thêm gừng + hành tím + muối. 3. Nấu: Đun sôi, vặn nhỏ lửa, luộc 25–30 phút. 4. Vớt ra: Ngâm vào nước lạnh để thịt săn, trắng.",true,"~170.000","~380 kcal"
"vn_148","Gà luộc",20,67,"luoc","Gà ta: 1 con (~1.2kg); Gừng; hành; muối","1. Sơ chế: Gà làm sạch, xát muối. 2. Luộc: Cho gà vào nồi, đổ ngập nước, thêm gừng + hành. 3. Kỹ thuật: Đun sôi, tắt bếp 5 phút → bật lại → luộc 15–20 phút. 4. Vớt ra: Nhúng vào nước đá để da giòn.",true,"~320.000","~360 kcal"
"vn_149","Vịt luộc",20,91,"luoc","Vịt: 1 con (~1.5kg); Gừng; sả; rượu trắng","1. Sơ chế: Vịt xát gừng + rượu để khử mùi. 2. Luộc: Cho sả + gừng vào nồi, luộc 30–40 phút. 3. Hoàn thiện: Vớt ra, chặt miếng. Ăn với gừng mắm.",true,"~350.000","~400 kcal"
"vn_150","Trứng luộc",20,81,"luoc","Trứng gà/vịt: 6 quả","1. Luộc: Cho trứng vào nồi, đổ ngập nước. 2. Đun sôi: Khi sôi, luộc 8–10 phút (lòng đào: 6 phút). 3. Làm nguội: Ngâm nước lạnh, dễ bóc.",true,"~40.000","~90 kcal/quả"
"vn_151","Cá luộc (cá chép, rô...)",20,96,"luoc","Cá chép/rô đồng: 800g; Gừng; hành; thì là","1. Sơ chế: Cá làm sạch, khứa nhẹ. 2. Luộc: Cho cá vào nồi, đổ nước xăm xắp, thêm gừng. 3. Nấu: Đun sôi, hạ lửa luộc 15–20 phút. 4. Rắc: Thì là, hành lá trước khi ăn.",true,"~190.000","~240 kcal"
"vn_152","Tôm luộc",20,72,"luoc","Tôm sú: 500g; Rượu; gừng; muối","1. Sơ chế: Tôm rửa sạch. 2. Luộc: Nước sôi + gừng + rượu, cho tôm vào luộc 3–5 phút. 3. Vớt ra: Khi tôm chuyển đỏ, vớt ngay.",true,"~240.000","~180 kcal"
"vn_153","Mực luộc",20,82,"luoc","Mực ống: 500g; Gừng; rượu","1. Sơ chế: Mực làm sạch, để nguyên con. 2. Luộc: Nước sôi + gừng, cho mực vào luộc 2–3 phút. 3. Lưu ý: Không luộc quá lâu → mực dai.",true,"~260.000","~200 kcal"
"vn_154","Cua luộc bia/gừng",20,73,"luoc","Cua biển/cua đồng: 800g; Bia: ½ lon hoặc gừng","1. Sơ chế: Cua buộc chặt, rửa sạch. 2. Luộc: Đổ bia (hoặc nước + gừng) vào nồi, cho cua vào. 3. Nấu: Đun sôi, luộc 10–15 phút đến khi cua đỏ. 4. Ăn kèm: Muối tiêu chanh.",true,"~280.000","~220 kcal"
"vn_155","Ngao/ốc/hến luộc",20,84,"luoc","Ngao/hến/ốc: 800g; Sả; ớt","1. Sơ chế: Ngâm nước vo gạo + ớt 1–2 tiếng. 2. Luộc: Cho sả vào nồi, đổ ngập nước, luộc 5–7 phút. 3. Vớt ra: Khi há miệng, vớt ngay.",true,"~150.000","~140 kcal"
"vn_156","Rau muống luộc",20,66,"luoc","Rau muống: 500g; Muối; tỏi","1. Sơ chế: Rau nhặt, rửa sạch. 2. Luộc: Nước sôi + muối, cho rau vào luộc 2–3 phút. 3. Vớt ra: Ngâm nước lạnh để giữ màu xanh. 4. Chấm: Tỏi ớt hoặc kho quẹt.",true,"~60.000","~80 kcal"
"vn_157","Rau lang luộc",20,98,"luoc","Rau lang: 500g","1. Sơ chế: Rau rửa sạch. 2. Luộc: Nước sôi, luộc 3–4 phút. 3. Vớt ra: Giữ màu xanh, chấm mắm tôm hoặc nước mắm.",true,"~65.000","~70 kcal"
"vn_158","Rau cải các loại luộc",20,100,"luoc","Cải ngọt/cải thìa: 500g","1. Sơ chế: Rửa sạch. 2. Luộc: Nước sôi + chút muối, luộc 2–3 phút. 3. Vớt ra: Chấm nước mắm hoặc tương.",true,"~55.000","~60 kcal"
"vn_159","Bắp cải luộc",20,72,"luoc","Bắp cải: 500g","1. Sơ chế: Cắt múi vừa. 2. Luộc: Nước sôi, luộc 4–5 phút. 3. Vớt ra: Giữ độ giòn, chấm nước mắm.",true,"~50.000","~90 kcal"
"vn_160","Súp lơ/bông cải luộc",20,81,"luoc","Bông cải xanh/trắng: 400g","1. Sơ chế: Cắt nhỏ, ngâm muối. 2. Luộc: Nước sôi, luộc 3–4 phút. 3. Lưu ý: Không luộc quá → mất chất.",true,"~70.000","~100 kcal"
"vn_161","Đậu que/đậu cove luộc",20,74,"luoc","Đậu que: 400g","1. Sơ chế: Bỏ xơ, rửa sạch. 2. Luộc: Nước sôi + muối, luộc 4–5 phút. 3. Vớt ra: Giữ màu xanh, chấm muối tiêu chanh.",true,"~60.000","~110 kcal"
"vn_162","Khoai lang/khoai mỳ luộc",20,100,"luoc","Khoai lang/mì: 500g","1. Sơ chế: Gọt vỏ (hoặc để nguyên), rửa sạch. 2. Luộc: Nước ngập, luộc 20–30 phút. 3. Kiểm tra: Dùng đũa xiên thấy mềm là được.",true,"~40.000","~180 kcal"
"vn_163","Ngô (bắp) luộc",20,96,"luoc","Ngô ngọt: 4 trái","1. Sơ chế: Bóc lớp ngoài, để vài lá trong. 2. Luộc: Nước sôi, luộc 15–20 phút. 3. Ăn nóng: Có thể chấm muối tiêu chanh.",true,"~50.000","~150 kcal"
"vn_164","Củ cải luộc",20,66,"luoc","Củ cải trắng: 400g","1. Sơ chế: Gọt vỏ, cắt khúc. 2. Luộc: Nước sôi, luộc 15–20 phút. 3. Ăn kèm: Nước mắm hoặc dùng nấu canh.",true,"~45.000","~100 kcal"
"vn_165","Sườn non luộc",20,89,"luoc","Sườn non: 500g; Gừng; hành","1. Sơ chế: Sườn chần sơ. 2. Luộc: Nước sôi + gừng + hành, luộc 25–30 phút. 3. Ăn kèm: Muối tiêu chanh hoặc mắm nêm.",true,"~180.000","~350 kcal"
"vn_166","Lòng heo luộc",20,80,"luoc","Lòng già/non: 500g; Gừng; giấm; muối","1. Sơ chế: Lòng bóp kỹ với muối + giấm + chanh. 2. Luộc: Nước sôi + gừng, luộc 10–15 phút. 3. Vớt ra: Ngâm nước lạnh cho giòn.",true,"~160.000","~280 kcal"
"vn_167","Bò luộc",20,70,"luoc","Bắp bò/nạm: 600g; Gừng; sả; hành tím","1. Sơ chế: Thịt chần sơ. 2. Luộc: Nước sôi + gừng + sả, luộc 45–60 phút. 3. Vớt ra: Để nguội, thái mỏng.",true,"~280.000","~320 kcal"
"vn_168","Chân giò luộc",20,86,"luoc","Chân giò trước: 800g; Gừng; hành; muối","1. Sơ chế: Cạo sạch lông, chần sơ. 2. Luộc: Nước sôi + gừng + hành, luộc 1.5–2 tiếng. 3. Vớt ra: Ngâm nước lạnh cho da giòn.",true,"~220.000","~420 kcal"
"vn_169","Thịt bò tái chanh (luộc tái)",20,99,"luoc","Thịt bò nạc: 400g; Chanh; gừng","1. Sơ chế: Thịt thái lát mỏng. 2. Chần: Nhúng vào nước sôi 10–15 giây. 3. Vớt ra: Trộn với chanh, gừng, rau thơm.",true,"~200.000","~250 kcal"
"vn_170","Bánh chưng/bánh tét (luộc)",20,95,"luoc","Gạo nếp; đậu xanh; thịt heo: 1 bánh (~1.2kg)","1. Gói bánh chặt tay. 2. Luộc: Nước ngập, luộc 8–10 tiếng (bánh chưng), 6–8 tiếng (bánh tét). 3. Ép nước: Sau khi luộc, ép dưới vật nặng.",true,"~120.000/bánh","~500 kcal/lát"
"vn_171","Bánh đa cua (sợi bánh đa luộc)",20,70,"luoc","Bánh đa khô: 400g","1. Sơ chế: Ngâm nước 10 phút. 2. Luộc: Nước sôi, luộc 3–5 phút. 3. Xả nước lạnh: Tránh dính, dùng làm bánh đa cua.",true,"~40.000","~280 kcal"
"vn_172","Thịt heo nướng (xiên que, lá lốt, mật ong...)",45,79,"nuong","Thịt nạc vai/ba chỉ: 500g; Sả; hành; tỏi; mật ong; nước mắm; ngũ vị hương","1. Sơ chế: Thịt thái miếng/mỏng, ướp với hành tỏi băm + sả băm + mật ong + nước mắm + ngũ vị hương 2–4 tiếng. 2. Xiên: Xiên que tre (ngâm nước trước). 3. Nướng: Nướng than hoa hoặc lò 200°C, lật đều tay, phết sốt khi gần chín. 4. Ăn kèm: Bún, rau sống, nước mắm chua ngọt.",true,"~180.000","~380 kcal"
"vn_173","Thịt bò nướng (lụi, mỡ chài, sa tế...)",45,55,"nuong","Thịt bò nạc: 500g; Mỡ chài (nếu có); sả; ớt; sa tế; dầu hào","1. Sơ chế: Bò xay hoặc thái mỏng, trộn với sả + sa tế + dầu hào. 2. Quấn: Quấn quanh que hoặc bọc mỡ chài. 3. Nướng: Nướng than/lò 180–200°C, 10–15 phút. 4. Hoàn thiện: Phết mỡ hành khi nướng xong.",true,"~250.000","~420 kcal"
"vn_174","Gà nướng (muối ớt, mật ong, lá chanh...)",45,54,"nuong","Gà ta/đùi gà: 800g; Muối ớt; mật ong; lá chanh; gừng","1. Sơ chế: Gà làm sạch, khía nhẹ. 2. Ướp: Với muối ớt hoặc hỗn hợp mật ong + nước mắm + lá chanh 2–3 tiếng. 3. Nướng: Nướng than/lò 200°C, 30–40 phút, phết sốt định kỳ. 4. Ăn kèm: Muối tiêu chanh.",true,"~280.000","~450 kcal"
"vn_175","Vịt nướng",45,64,"nuong","Vịt: 1 con (~1.5kg); Ngũ vị hương; mật ong; rượu; gừng","1. Sơ chế: Vịt xát gừng + rượu, rửa sạch. 2. Ướp: Bên trong nhồi gừng + hành, bên ngoài phết hỗn hợp mật ong + ngũ vị hương. 3. Nướng: Lò 180°C, 60–75 phút, quay đều. 4. Hoàn thiện: Da vàng giòn, thịt thơm.",true,"~360.000","~500 kcal"
"vn_176","Cá nướng (riềng mẻ, muối ớt, giấy bạc...)",45,77,"nuong","Cá diêu hồng/lóc: 1 con (~800g); Riềng; mẻ; nghệ; mắm tôm hoặc muối ớt","1. Sơ chế: Cá làm sạch, khứa vảy. 2. Ướp: Trộn riềng giã + mẻ + nghệ + mắm tôm (hoặc muối ớt) 30–60 phút. 3. Nướng: Bọc giấy bạc hoặc nướng trực tiếp trên than 20–25 phút. 4. Ăn kèm: Bún, rau sống.",true,"~220.000","~320 kcal"
"vn_177","Tôm nướng (muối ớt, mỡ hành...)",45,57,"nuong","Tôm sú: 500g; Muối ớt; mỡ hành; chanh","1. Sơ chế: Tôm để nguyên vỏ, chẻ lưng. 2. Nướng: Nướng than/lò 200°C, 8–10 phút. 3. Phết: Rưới mỡ hành khi chín. 4. Ăn kèm: Muối ớt chanh.",true,"~260.000","~220 kcal"
"vn_178","Mực nướng (sa tế, muối ớt...)",45,69,"nuong","Mực ống: 500g; Sa tế; muối ớt; chanh","1. Sơ chế: Mực làm sạch, để nguyên con hoặc khứa vảy. 2. Nướng: Nướng than/lò 200°C, 6–8 phút mỗi mặt. 3. Ăn kèm: Muối ớt chanh hoặc tương ớt.",true,"~270.000","~230 kcal"
"vn_179","Sườn nướng (sa tế, sốt BBQ...)",45,55,"nuong","Sườn non: 600g; Tỏi; hành; mật ong; nước mắm; sốt BBQ","1. Sơ chế: Sườn chặt miếng vừa. 2. Ướp: Với hành tỏi + mật ong + nước mắm + sốt BBQ 2–4 tiếng. 3. Nướng: Nướng than/lò 200°C, 25–30 phút, phết sốt liên tục. 4. Hoàn thiện: Mềm, caramel hóa bề mặt.",true,"~240.000","~480 kcal"
"vn_180","Chả nướng (chả lụa, chả cá...)",45,72,"nuong","Chả lụa/chả cá: 400g","1. Sơ chế: Cắt lát dày hoặc để nguyên cây. 2. Nướng: Nướng than/lò 180°C, 5–10 phút cho nóng và thơm. 3. Ăn kèm: Bánh cuốn, cơm tấm, rau sống.",true,"~150.000","~350 kcal"
"vn_181","Bánh mì nướng",45,72,"nuong","Bánh mì baguette: 2 ổ; Bơ; tỏi; hành lá","1. Pha bơ: Trộn bơ + tỏi băm + hành lá. 2. Phết: Phết lên bánh mì. 3. Nướng: Lò 180°C, 5–7 phút đến khi vàng giòn. 4. Ăn kèm: Như món khai vị hoặc ăn sáng.",true,"~50.000","~280 kcal"
"vn_182","Khoai lang/khoai mỳ nướng",45,53,"nuong","Khoai lang/mì: 500g","1. Sơ chế: Rửa sạch, để nguyên vỏ. 2. Nướng: Nướng than/lò 200°C, 45–60 phút đến khi mềm. 3. Ăn nóng: Bóc vỏ, chấm muối vừng.",true,"~40.000","~180 kcal"
"vn_183","Ngô nướng mỡ hành",45,58,"nuong","Ngô ngọt: 4 trái; Hành lá; dầu ăn","1. Sơ chế: Ngô bóc lớp ngoài, để vài lá. 2. Nướng: Nướng than 20–25 phút, lật đều. 3. Phết: Rưới mỡ hành khi chín.",true,"~60.000","~200 kcal"
"vn_184","Nấm nướng",45,85,"nuong","Nấm đùi gà/rơm: 300g; Dầu oliu; muối; tiêu; tỏi","1. Sơ chế: Nấm rửa sạch, để ráo. 2. Ướp: Trộn với dầu oliu + tỏi + muối + tiêu. 3. Nướng: Lò 200°C hoặc than, 10–15 phút. 4. Ăn kèm: Như món chay hoặc ăn kèm thịt.",true,"~90.000","~120 kcal"
"vn_185","Ốc nướng tiêu/mỡ hành",45,53,"nuong","Ốc len/bươu: 600g; Mỡ hành; tiêu; ớt","1. Sơ chế: Ốc rửa sạch. 2. Nướng: Đặt ốc lên than, nướng 8–10 phút. 3. Rưới: Mỡ hành + tiêu khi chín. 4. Ăn kèm: Rau răm, muối ớt.",true,"~180.000","~160 kcal"
"vn_186","Ngao nướng mỡ hành",45,67,"nuong","Ngao: 800g; Hành lá; dầu ăn","1. Sơ chế: Ngao ngâm sạch. 2. Nướng: Đặt ngao lên vỉ, nướng 5–7 phút đến khi há miệng. 3. Rưới: Mỡ hành khi chín.",true,"~170.000","~150 kcal"
"vn_187","Hàu nướng mỡ hành/phô mai",45,54,"nuong","Hàu sữa: 500g; Hành lá; phô mai Mozzarella (nếu có)","1. Sơ chế: Hàu tách vỏ, giữ nước. 2. Nướng: Đặt trên than/lò 200°C. 3. Rưới: Mỡ hành hoặc rắc phô mai, nướng 5–7 phút. 4. Ăn nóng: Với chanh hoặc muối tiêu.",true,"~300.000","~180 kcal"
"vn_188","Ba chỉ nướng",45,85,"nuong","Thịt ba chỉ: 500g; Muối ớt; chanh","1. Sơ chế: Thịt cắt miếng dày. 2. Nướng: Nướng than, lật đều đến khi cháy cạnh, mỡ chảy ra. 3. Ăn kèm: Rau sống, bún, mắm nêm.",true,"~170.000","~420 kcal"
"vn_189","Cơm nắm nướng",45,66,"nuong","Cơm nguội: 4 nắm; Muối vừng; lá chuối","1. Nắm cơm: Trộn cơm với muối vừng, nắm chặt. 2. Bọc: Gói lá chuối. 3. Nướng: Nướng than 10–15 phút. 4. Ăn kèm: Mắm, cà pháo.",true,"~50.000","~250 kcal"
"vn_190","Lươn nướng",45,73,"nuong","Lươn đồng: 500g; Riềng; mẻ; nghệ; mắm tôm","1. Sơ chế: Lươn làm sạch, để nguyên con. 2. Ướp: Với riềng + mẻ + nghệ + mắm tôm 30 phút. 3. Nướng: Nướng than 15–20 phút, phết mỡ. 4. Ăn kèm: Bún, rau thơm.",true,"~320.000","~350 kcal"
"vn_191","Chim nướng",45,78,"nuong","Chim cút/chim sẻ: 6 con; Muối ớt; lá chanh","1. Sơ chế: Chim làm sạch, để nguyên con. 2. Ướp: Với muối ớt + lá chanh 30 phút. 3. Nướng: Nướng than 15–20 phút. 4. Ăn kèm: Muối tiêu chanh.",true,"~250.000","~280 kcal"
"vn_192","Lẩu Thái (chua cay)",30,62,"khac","Xương gà/heo: 500g; Tôm; mực; cá viên: 400g; Cà chua; dứa; me; sả; ớt; riềng; nấm rơm","1. Nấu nước dùng: Hầm xương 1 tiếng. 2. Xào thơm: Sả + riềng + ớt + cà chua. 3. Nấu lẩu: Cho vào nước dùng, thêm dứa + me + nấm. 4. Ăn kèm: Bún, rau muống, bạc hà.",true,"~380.000","~420 kcal"
"vn_193","Lẩu riêu cua",30,84,"khac","Cua đồng: 600g; Cà chua; đậu phụ; giấm bỗng; hành lá","1. Giã cua, lọc lấy nước. 2. Riêu: Đun nước cua, để riêu nổi. 3. Xào cà chua, cho vào nồi. 4. Nêm: Giấm bỗng, cho đậu chiên vào. Ăn với bún.",true,"~280.000","~320 kcal"
"vn_194","Lẩu cá kèo",30,89,"khac","Cá kèo sống: 600g; Dọc mùng; đậu bắp; cà chua; me; rau nhút","1. Làm sạch cá, ngâm nước vo gạo. 2. Nấu nước dùng từ xương heo. 3. Cho me + cà chua + rau vào. 4. Nhúng cá khi ăn (cá chín rất nhanh).",true,"~320.000","~350 kcal"
"vn_195","Lẩu cá diêu hồng",30,60,"khac","Cá diêu hồng: 1 con (~800g); Cà chua; dọc mùng; me; thì là; dứa","1. Phi thơm cà chua + dứa. 2. Nấu nước dùng, cho cá vào nấu 10 phút. 3. Thêm rau, nêm me chua. 4. Ăn kèm: Bún, rau sống.",true,"~350.000","~360 kcal"
"vn_196","Lẩu cá lăng",30,61,"khac","Cá lăng: 800g; Măng chua; cà chua; dọc mùng; thì là","1. Cá làm sạch, cắt khúc. 2. Xào măng + cà chua, cho vào nước dùng. 3. Nấu cá 10–15 phút. 4. Ăn nóng với bún.",true,"~420.000","~380 kcal"
"vn_197","Lẩu gà lá é",30,88,"khac","Gà ta: 1 con (~1kg); Lá é tía; sả; ớt; nấm","1. Hầm gà 45 phút. 2. Cho lá é + sả + ớt vào cuối cùng. 3. Ăn kèm: Bún, rau rừng. Hương vị đặc trưng Tây Nguyên.",true,"~360.000","~370 kcal"
"vn_198","Lẩu gà măng cay",30,75,"khac","Gà: 1kg; Măng chua: 300g; Ớt; sả; hành","1. Hầm gà lấy nước ngọt. 2. Xào măng + sả + ớt, cho vào nồi. 3. Nấu 20 phút, nêm gia vị. 4. Ăn kèm: Bún, rau sống.",true,"~340.000","~390 kcal"
"vn_199","Lẩu bò",30,94,"khac","Thịt bò tái/thăn: 500g; Nạm/gân: 300g; Mắm nêm; thơm; khế; rau chuối","1. Hầm gân/nạm 1.5 tiếng. 2. Pha mắm nêm với thơm + ớt. 3. Nhúng thịt bò tái khi ăn. 4. Ăn kèm: Bún, rau sống.",true,"~450.000","~480 kcal"
"vn_200","Lẩu dê",30,60,"khac","Thịt dê: 800g; Sả; gừng; rượu; nấm; rau mồng tơi","1. Khử mùi: Xát gừng + rượu, chần sơ. 2. Hầm dê 1 tiếng với sả. 3. Ăn kèm: Bún, mắm tôm, rau.",true,"~520.000","~460 kcal"
"vn_201","Lẩu hải sản",30,80,"khac","Tôm; mực; nghêu; cá: 800g tổng; Cà chua; dứa; me; nấm","1. Nấu nước dùng từ đầu cá/tép. 2. Xào cà chua + dứa, cho vào nồi. 3. Thêm hải sản khi ăn (tránh nấu lâu). 4. Ăn kèm: Bún, rau.",true,"~480.000","~400 kcal"
"vn_202","Lẩu nấm",30,72,"khac","Nấm các loại: 500g; Đậu hũ; ngô; cà rốt; rau củ","1. Nấu nước dùng rau củ hoặc xương. 2. Cho nấm + đậu hũ vào. 3. Nêm: Nước tương, tiêu. 4. Ăn kèm: Bún hoặc mì.",true,"~220.000","~280 kcal"
"vn_203","Lẩu cua đồng",30,89,"khac","Cua đồng: 600g; Rau đay; mồng tơi; mướp; mẻ","1. Giã cua, lọc nước. 2. Đun riêu, vớt ra. 3. Nấu nước lẩu, cho rau + mẻ. 4. Cho riêu lên mặt khi ăn.",true,"~260.000","~300 kcal"
"vn_204","Lẩu đầu cá hồi",30,75,"khac","Đầu cá hồi: 2 cái (~600g); Cà chua; dứa; me; thì là","1. Chiên sơ đầu cá. 2. Xào cà chua + dứa, cho vào nước dùng. 3. Nấu đầu cá 15 phút. 4. Ăn kèm: Bún, rau.",true,"~420.000","~420 kcal"
"vn_205","Lẩu thập cẩm",30,62,"khac","Thịt; hải sản; nấm; đậu hũ: 1kg tổng; Cà chua; me; rau","1. Nấu nước dùng xương. 2. Xào cà chua, cho vào nồi. 3. Sắp nguyên liệu quanh nồi, nhúng khi ăn. 4. Ăn kèm: Bún/mì.",true,"~400.000","~450 kcal"
"vn_206","Lẩu vịt",30,89,"khac","Vịt: 1 con (~1.2kg); Măng chua; gừng; sả","1. Khử mùi vịt bằng gừng + rượu. 2. Hầm vịt 1 tiếng với sả. 3. Xào măng, cho vào nồi. 4. Ăn kèm: Bún, mắm gừng.",true,"~460.000","~440 kcal"
"vn_207","Lẩu ếch",30,76,"khac","Ếch đồng: 800g; Cà chua; me; dọc mùng; rau nhút","1. Ếch làm sạch, ướp nhẹ. 2. Xào ếch săn, cho vào nước dùng. 3. Thêm rau + me, nấu 10 phút. 4. Ăn kèm: Bún.",true,"~380.000","~360 kcal"
"vn_208","Lẩu sườn sụn",30,69,"khac","Sườn sụn heo: 800g; Cà chua; dứa; me; nấm","1. Hầm sườn sụn 1.5 tiếng cho mềm. 2. Xào cà chua + dứa, cho vào nồi. 3. Nêm me, thêm nấm. 4. Ăn kèm: Bún.",true,"~360.000","~420 kcal"
"vn_209","Lẩu cháo",30,82,"khac","Gạo: 200g; Gà/ếch/cá: 600g; Gừng; hành; rau","1. Nấu cháo loãng từ nước hầm xương. 2. Cho thịt vào nấu chín. 3. Ăn nóng, không cần nhúng.",true,"~300.000","~380 kcal"
"vn_210","Lẩu cá basa",30,76,"khac","Cá basa: 800g; Cà chua; dọc mùng; me; thì là","1. Cá cắt khúc, ướp nhẹ. 2. Xào cà chua, cho vào nước dùng. 3. Nấu cá 10 phút. 4. Ăn kèm: Bún.",true,"~320.000","~340 kcal"
"vn_211","Lẩu kim chi",30,62,"khac","Kim chi cải thảo: 300g; Thịt heo/thái: 400g; Tàu hũ; nấm; hành lá","1. Xào kim chi + thịt. 2. Cho nước dùng, đun sôi. 3. Thêm đậu hũ + nấm. 4. Ăn kèm: Cơm hoặc mì.",true,"~340.000","~400 kcal"
"vn_212","Lẩu tôm",30,83,"khac","Tôm sú: 600g; Cà chua; dứa; me; nấm rơm","1. Xào tôm + cà chua. 2. Cho nước dùng, thêm dứa + me. 3. Nấu 10 phút, thêm nấm. 4. Ăn kèm: Bún.",true,"~420.000","~380 kcal"
"vn_213","Lẩu cà muối",30,77,"khac","Cà pháo muối chua: 200g; Thịt ba chỉ; sườn non: 500g; Cà chua; me","1. Xào thịt + cà chua. 2. Cho cà muối + nước dùng. 3. Nêm me, nấu 20 phút. 4. Ăn kèm: Bún, rau sống.",true,"~280.000","~360 kcal"
"vn_214","Lẩu bò nhúng dấm",30,89,"khac","Thịt bò tái: 500g; Dấm; đường; tỏi; hành tây; dưa leo; chuối xanh","1. Pha nước dấm: Dấm + đường + tỏi + ớt. 2. Luộc gân bò làm nước dùng. 3. Nhúng bò tái vào nước dấm khi ăn. 4. Cuốn bánh tráng với rau.",true,"~400.000","~420 kcal"
"vn_215","Lẩu gà ủ muối",30,87,"khac","Gà ta: 1 con; Muối hột; sả; lá chanh","1. Lót nồi muối + sả + lá chanh. 2. Đặt gà lên trên (không chạm muối). 3. Ủ kín, hấp 60–75 phút. 4. Lấy nước gà làm nước lẩu, nhúng rau.",true,"~380.000","~350 kcal"
"vn_216","Lẩu đuôi bò",30,78,"khac","Đuôi bò: 800g; Cà chua; me; sả; nấm","1. Hầm đuôi bò 2–2.5 tiếng cho mềm. 2. Xào cà chua + sả, cho vào nồi. 3. Nêm me, thêm nấm. 4. Ăn kèm: Bún.",true,"~480.000","~460 kcal"